id	file	line	original	replacement	target	expected_kill
S10-M1	src/v16.rs	15121	                || b_src.expiry_slot <= now	                || false	proof_v22_s10_move_conserves_bounds_exact_total(_m)	totality assert r.is_ok() on the lapsed-source state
S10-M2	src/v16.rs	15127-15128	            if !self.loss_domain_accepts_realized_backing(dst)?\n                || self.backing_bucket_for_domain(dst)?.status == BackingBucketStatusV16::Impaired	            if false\n                || false	proof_v22_s10_move_conserves_bounds_exact_total(_m)	totality assert on the dst-Impaired state
S10-M3	src/v16.rs	15103	            ) && no_loser_cash(	            ) || no_loser_cash(	proof_v22_s10_move_conserves_bounds_exact_total(_m)	E-S10-6 exactness (loser cash in one domain only must still move)
S10-M4	src/v16.rs	15120	                || b_src.status != BackingBucketStatusV16::Fresh	                || false	proof_v22_s10_move_conserves_bounds_exact_total(_m)	totality assert (MAY BE EQUIVALENT: classify if it survives, do not chase)
S10-E1	src/v16.rs	5743	pub const S10_PROTECT_FULL_PROVIDER_PRINCIPAL: bool = true;	pub const S10_PROTECT_FULL_PROVIDER_PRINCIPAL: bool = false;	proof_v22_s10_move_conserves_bounds_exact_total(_m)	exactness/bound fr'(src) >= min(fr, pp) with consumed > 0
S10-E4	src/v16.rs	5757	    let next = if add {	    let next = if !add {	proof_v22_s10_mirror_setter	field' == field + d
S10-N2	src/v16.rs	5760	        c.get().saturating_sub(delta_num)	        c.get().checked_sub(delta_num).ok_or(V16Error::CounterUnderflow)?	proof_v22_s10_mirror_setter	subtract asserts Ok (saturation cover)
S10-F1	src/v16.rs	15143	            if moved < S10_MIN_MOVE_ATOMS * BOUND_SCALE {	            if moved == 0 {	proof_v22_s10_move_conserves_bounds_exact_total(_m)	exactness: 0 < x < MIN*BS must move 0
S10-F2	src/v16.rs	15142	            let moved = core::cmp::min(excess, shortfall) / BOUND_SCALE * BOUND_SCALE;	            let moved = core::cmp::min(excess, shortfall) ;	proof_v22_s10_move_conserves_bounds_exact_total(_m)	x % BS == 0 / exactness
S10-B1	src/v16.rs	15149	            *s10_budget -= 1;	            /* mutant S10-B1 */	proof_v22_s10_move_conserves_bounds_exact_total(_m)	budget' == budget - 1
S10-X1	src/v16.rs	15134-15137	            let excess = core::cmp::min(\n                loser_cash,\n                V16Core::available_backing_num_for_source_credit_state(s_src)?\n                    .saturating_sub(s_src.positive_claim_bound_num),	            let excess = core::cmp::min(\n                loser_cash,\n                V16Core::available_backing_num_for_source_credit_state(s_src)?\n                    .saturating_sub(0),	proof_v22_s10_move_conserves_bounds_exact_total(_m)	av'(src) >= cl(src) / exactness
S10-X2	src/v16.rs	15139-15141	            let shortfall = s_dst\n                .positive_claim_bound_num\n                .saturating_sub(V16Core::available_backing_num_for_source_credit_state(s_dst)?);	            let shortfall = s_dst\n                .positive_claim_bound_num\n                .saturating_sub(0);	proof_v22_s10_move_conserves_bounds_exact_total(_m)	av'(dst) <= cl(dst) / exactness
S10-O1	src/v16.rs	15142	            let moved = core::cmp::min(excess, shortfall) / BOUND_SCALE * BOUND_SCALE;	            let moved = core::cmp::min(excess, shortfall) / BOUND_SCALE * BOUND_SCALE + BOUND_SCALE;	proof_v22_s10_move_is_idempotent_m	second call moves nothing / bound
S10-H1	src/v16.rs	18271-18273	            && asset.stale_account_count_short == 0\n            && asset.stored_pos_count_long == 0\n            && asset.stored_pos_count_short == 0	            && asset.stale_account_count_short == 0\n	proof_v22_s10_retry_hook_guard_m	stored-count skip => identity
S10-R1	src/v16.rs	10207-10210	            && bucket.valid_liened_backing_num == 0\n            && bucket.consumed_liened_backing_num == 0\n            && bucket.impaired_liened_backing_num == 0;\n        match side {	;\n        match side {	proof_v22_s10_wholly_empty_reset	pp unchanged when not wholly empty
S10-G1	src/v16.rs	18175-18177	        let mut s10_budget: u8 = if matches!(request.action, PermissionlessCrankActionV16::Refresh) {\n            s10_grant\n        } else {	        let mut s10_budget: u8 = if matches!(request.action, PermissionlessCrankActionV16::Refresh) {\n            0\n        } else {	proof_v22_s10_grant_only_refresh_moves	cover 'Refresh with a grant moves' unsatisfied
S10-G2	src/v16.rs	18175	        let mut s10_budget: u8 = if matches!(request.action, PermissionlessCrankActionV16::Refresh) {	        let mut s10_budget: u8 = if true {	proof_v22_s10_grant_only_refresh_moves	EXPECTED TO SURVIVE (10-09 ruling); a kill goes back to the reviewer
X1-M1	src/v16.rs	23152-23153	                    #[cfg(not(feature = "x1-mutant-noclamp"))]\n                    self.clamp_kf_pending_credit_to_claims(domain)?;	                    // mutant X1-M1: clamp removed	proof_v22_x1_fee_refinement_ok_state	kf_pending_credit differs on the F2 cover
X1-M2	src/v16.rs	23128	                if last.is_none() || key > last_key {	                if last.is_none() || key < last_key {	proof_v22_x1_fee_refinement_ok_state	loss_stale_active differs (2-asset cover)
X1-M3	src/v16.rs	23163-23165	        account.header.health_cert.valid = 0;\n        if decode_bool(account.header.b_stale_state)? {\n            return Err(V16Error::BStale);	        // mutant X1-M3\n        if decode_bool(account.header.b_stale_state)? {\n            return Err(V16Error::BStale);	proof_v22_x1_fee_refinement_ok_state	account differs
X1-M4	src/v16.rs	23110-23117	    fn charge_account_fee_after_full_refresh_not_atomic(\n        &mut self,\n        account: &mut PortfolioV16ViewMut<'_>,\n        requested_fee: u128,\n    ) -> V16Result<u128> {\n        if decode_market_mode(self.header.mode)? != MarketModeV16::Live {\n            return Err(V16Error::LockActive);\n        }	    fn charge_account_fee_after_full_refresh_not_atomic(\n        &mut self,\n        account: &mut PortfolioV16ViewMut<'_>,\n        requested_fee: u128,\n    ) -> V16Result<u128> {\n        // mutant X1-M4	proof_v22_x1_fee_refinement_result	non-Live: results differ
X1-M5	src/v16.rs	14706	        Ok(core::cmp::min(v.max(0) as u128, claims))	        Ok(core::cmp::min(v as u128, claims))	proof_v22_pending_credit_reader_clamped	negative stored cover
X1-M6	src/v16.rs	14706	        Ok(core::cmp::min(v.max(0) as u128, claims))	        Ok(v.max(0) as u128)	proof_v22_pending_credit_reader_clamped	above-claims cover
CAP-M1	src/v16.rs	6015-6021	        let mut seen_assets = [u32::MAX; V16_MAX_PORTFOLIO_ASSETS_N];\n        let mut seen_asset_count = 0usize;\n        let mut slot = 0usize;\n        while slot < V16_MAX_PORTFOLIO_ASSETS_N {\n            let bit = active_bitmap_get(bitmap, slot);\n            let leg = self.header.legs[slot].try_to_runtime()?;\n            if slot >= active_leg_cap {	        let mut seen_assets = [u32::MAX; V16_MAX_PORTFOLIO_ASSETS_N];\n        let mut seen_asset_count = 0usize;\n        let mut slot = 0usize;\n        while slot < V16_MAX_PORTFOLIO_ASSETS_N {\n            let bit = active_bitmap_get(bitmap, slot);\n            let leg = self.header.legs[slot].try_to_runtime()?;\n            if false {	proof_v22_leg_cap_validator	non-empty leg at slot cap accepted
CAP-M2	src/v16.rs	22220-22230	        threshold_bps_opt: Option<u128>,\n        taker_is_long_account: bool,\n    ) -> V16Result<BatchTradeOutcomeV16> {\n        if decode_market_mode(self.header.mode)? != MarketModeV16::Live {\n            return Err(V16Error::LockActive);\n        }\n        let config = self.header.config.try_to_runtime_shape()?;\n        if requests.is_empty() {\n            return Err(V16Error::NonProgress);\n        }\n        if requests.len() > config.max_portfolio_assets as usize {	        threshold_bps_opt: Option<u128>,\n        taker_is_long_account: bool,\n    ) -> V16Result<BatchTradeOutcomeV16> {\n        if decode_market_mode(self.header.mode)? != MarketModeV16::Live {\n            return Err(V16Error::LockActive);\n        }\n        let config = self.header.config.try_to_runtime_shape()?;\n        if requests.is_empty() {\n            return Err(V16Error::NonProgress);\n        }\n        if false {	proof_v22_batch_len_refused_fork_threshold	len == cap+1: Err(InvalidConfig) and no mutation
CAP-M3	src/v16.rs	22336-22346	        requests: &[TradeRequestV16],\n        taker_is_long_account: bool,\n    ) -> V16Result<BatchTradeOutcomeV16> {\n        if decode_market_mode(self.header.mode)? != MarketModeV16::Live {\n            return Err(V16Error::LockActive);\n        }\n        let config = self.header.config.try_to_runtime_shape()?;\n        if requests.is_empty() {\n            return Err(V16Error::NonProgress);\n        }\n        if requests.len() > config.max_portfolio_assets as usize {	        requests: &[TradeRequestV16],\n        taker_is_long_account: bool,\n    ) -> V16Result<BatchTradeOutcomeV16> {\n        if decode_market_mode(self.header.mode)? != MarketModeV16::Live {\n            return Err(V16Error::LockActive);\n        }\n        let config = self.header.config.try_to_runtime_shape()?;\n        if requests.is_empty() {\n            return Err(V16Error::NonProgress);\n        }\n        if false {	proof_v22_batch_len_refused_with_fee	len == cap+1: Err(InvalidConfig) and no mutation
ADL-M1	src/v16.rs	1133-1135	        let mut leg = leg;\n        let mut asset = asset;\n        match leg.side {	        let mut leg = leg;\n        let mut asset = asset;\n        leg.a_basis = match leg.side { SideV16::Long => asset.a_long, SideV16::Short => asset.a_short };\n        match leg.side {	proof_v22_attached_legs_have_unit_a	resize keeps a scaled a_basis
W4-E1	src/v16.rs	28697	    vault_after == vault_before	    true	proof_v22_w4_postcondition_predicate	vault clause alone false => predicate true
W4-E2	src/v16.rs	28698	        && insurance_after.checked_sub(insurance_before) == Some(total)	        && true	proof_v22_w4_postcondition_predicate	insurance clause alone false
W4-E3	src/v16.rs	28699	        && capital_after <= capital_before	        && true	proof_v22_w4_postcondition_predicate	capital clause alone false
W4-E4	src/v16.rs	28700	        && c_tot_after <= c_tot_before	        && true	proof_v22_w4_postcondition_predicate	c_tot clause alone false
W4-E5	src/v16.rs	28701	        && capital_before - capital_after == c_tot_before - c_tot_after	        && true	proof_v22_w4_postcondition_predicate	equal-fall clause alone false
W4-I	src/v16.rs	28698	        && insurance_after.checked_sub(insurance_before) == Some(total)	        && true	proof_v22_w4_insurance_credit_branch_refused	insurance-credit branch returns Ok(t > 0)
W4-L	src/v16.rs	23535-23536	            || !Self::account_has_source_claims(account)?\n            || Self::account_has_source_liens(account)	            || !Self::account_has_source_claims(account)?\n            	proof_v22_w4_repay_engine_level	liened => Err
W4-C	src/v16.rs	23585	        if capacity == 0 || total > capacity {	        if capacity == 0 {	proof_v22_w4_repay_engine_level	t <= capacity
W4-V	src/v16.rs	23523-23525	    ) -> V16Result<u128> {\n        if decode_market_mode(self.header.mode)? != MarketModeV16::Live\n            || decode_bool(self.header.payout_snapshot_captured)?	    ) -> V16Result<u128> {\n        if decode_bool(self.header.payout_snapshot_captured)?	proof_v22_w4_repay_engine_level	Resolved => Err
W4-S	src/v16.rs	23606-23608	        if amount_b != 0 {\n            self.charge_account_backing_fee_not_atomic(account, domain_b, 0, domain_b, amount_b)?;\n        }	        // mutant W4-S: second sweep leg skipped	proof_v22_w4_repay_engine_level	cover 'both sweep legs non-zero and Ok' unsatisfied
REM-M1	src/v16.rs	27331	    let remainder = (reduced_remainder as u128).checked_mul(ADL_ONE)?;	    let remainder = (reduced_remainder as u128).checked_mul(ADL_ONE)?.checked_add(1)?;	proof_v22_rem_fast_equals_wide	fast != wide
REM-M2	src/v16.rs	27327	    if reduced_remainder < 0 {	    if false {	proof_v22_rem_fast_equals_wide	negative-quotient cover differs
REM-M3	src/v16.rs	27307	    let reduced_carry = if carry == 0 {	    let reduced_carry = if true {	proof_v22_rem_partition_invariance	q == q1 + q2
REM-M4	src/v16.rs	15445	        if leg.k_rem_num >= den || leg.f_rem_num >= den {	        if false {	proof_v22_rem_settle_keeps_rem_below_den	rem == den => Err(InvalidLeg)
REM-M6	src/v16.rs	1058	            .checked_add(u128::from(stale).checked_mul(2)?)	            .checked_add(u128::from(stale).checked_mul(1)?)	proof_v22_kf_hidden_loss_bound	exact formula (2-leg rounding witness)
S9-M1	src/v16.rs	3834-3842	        }\n        let rate = U256::from_u128(available)\n            .checked_mul(U256::from_u128(CREDIT_RATE_SCALE))\n            .and_then(|v| v.checked_div(U256::from_u128(denominator)))\n            .and_then(|v| v.try_into_u128())\n            .ok_or(V16Error::ArithmeticOverflow)?;\n        Ok(core::cmp::min(\n            CREDIT_RATE_SCALE,\n            core::cmp::max(state.credit_rate_num, rate),	        }\n        let rate = U256::from_u128(available)\n            .checked_mul(U256::from_u128(CREDIT_RATE_SCALE))\n            .and_then(|v| v.checked_div(U256::from_u128(denominator)))\n            .and_then(|v| v.try_into_u128())\n            .ok_or(V16Error::ArithmeticOverflow)?;\n        Ok(core::cmp::min(\n            CREDIT_RATE_SCALE,\n            rate,	proof_v22_s9_protective_rate	result >= stored
S9-M2	src/v16.rs	3832-3833	        if denominator == 0 || available >= denominator {\n            return Ok(CREDIT_RATE_SCALE);	        if denominator == 0 {\n            return Ok(0);\n        }\n        if available >= denominator {\n            return Ok(CREDIT_RATE_SCALE);	proof_v22_s9_protective_rate	pending >= claims => SCALE
REM-M5	src/v16.rs	1455-1456	            f_snap,\n            k_rem_num: 0,	            f_snap,\n            k_rem_num: 1,	proof_v22_rem_attach_resize	attach k_rem == 0
